ATLAS COM MOTOS E PECAS LTDA;MOTOBRAZ;1018248;F;1
SUDOESTE MOTOS E ACESSÓRIOS LTDA;SUDOESTE ;1011286;F;1
CICAL MOTONAUTICA LTDA;CICAL;1010743;F;1
ENDO COM DE VEICULOS LTDA;ENDO DOURADOS;1011383;F;1
COXIM COMERCIO DE VEICULOS E MOTOS LTDA;MASTTER MOTO   ;1014080;F;1
MOTOS MATO GROSSO LTDA ;COMETA CACERES ;1015354;F;1
CAIOBA MOTOCICLETAS E PEÇAS  LTDA;CAIOBACAMPOGRANDE;1018361;F;1
RODAO AUTO PECAS LTDA;RODAO;1013360;F;1
COMERCIAL CRUZEIRO DO SUL LTDA ;CANOPUS;1019589;F;1
RORAIMA MOTORES LTADA ;MOTORAIMA MOTOS;1012380;F;1
RORAIMA MOTORES LTADA ;MILENIUM MOTORES ;1022385;F;1
CENTAUROS MOTOS LTDA;CENTAUROS ;1014455;F;1
MOTO RACA LTDA;MOTORAÇA;1018175;F;1
STAR MOTOS LTDA;STAR MOTOS;1017578;F;1
MONACO MOTOCENTER COMERCIAL LTDA;MONACO;1015664;F;1
 MONACO MOTOCENTER COMERCIAL LTDA ;MONACO;1013980;F;1
R MOTOS LTDA;REVEMAR MARABA;1017225;F;1
MERCANTIL POLLUX LTDA  ;POLLUX MOTOS ;1019813;F;1
SERRA VERDE COMERCIAL DE MOTOS LTDA ;SERRA VERDE ;1017586;F;1
FREEDOM MOTORS LTDA;FREEDOM MOTORS;1010468;F;1
MOTOPEL MOTOS E PECAS LTDA;MOTOPEL FEIRASANTANA;1016334;F;1
MOTO ITABERABA LTDA;MOTO ITABERABA;1014145;F;1
MOTO CONQUISTA LTDA;MOTO CONQUISTA;1612202;F;1
JUPARA MOTOS PECAS E ACESSORIOS LTDA;JU PARA MOTOS;1017560;F;1
MOTO SUL PECAS E SERVICOS LTDA  ;MOTOSUL ;1019660;F;1
MOTOPEMA MOTOS E PECAS LTDA;MOTOPEMA SALVADOR;1017004;F;1
 CARIRI COMERCIAL DE MOTOS LTDA ;CARIRI MOTOS;1601422;F;1
BY MOTO GV VEICULOS E PECAS LTDA;BY MOTO;1601421;F;1
MOTOCEDRO COMERCIAL DE MOTOS LTDA;MOTOCEDRO;1012720;F;1
FORT MOTOS LTDA;FORT MOTOS;1019279;F;1
MOTOCA MOTORES TOCANTINS LTDA;MOTOCA;1012681;F;1
MONACO MOTOCENTER MARANHAO LTDA;MONACO ;1019082;F;1
ATLANTICA MOTOS;ATLANTICA MOTOS;1013912;F;1
GRAN MOTO CAMPINA GDE  MOTORES LTDA;GRANMOTO;1011642;F;1
MOTOMAR PECAS E ACESSORIOS LTDA;MOTOMAR;1012827;F;1
ARIBE COM IMP DE VEICS PECAS SERV LTDA;ARIBE MOTOS;1018930;F;1
MOTORAC LTDA;MOTORAC CARUARU;1012878;F;1
PERNAMBUCO MOTOS LTDA;PERNAMBUCO MOTOS;1625460;F;1
MOTOESTE MOTORES PECAS ACESS OESTE LTDA ;MOTOESTE;1012754;F;1
CIRNE COMERCIO SERVICOS MOTOS LTDA;CIRNE MOTOS;1592173;F;1
COMERCIAL RIZK DE MOTOCICLETAS LTDA;MOTORIZK VITORIA;1015290;F;1
LAGUNA MOTOS COMERCIO DE MOTOS LTDA;LAGUNA MOTOS;1629621;F;1
LITORAL MOTO CENTER LTDA;MOTOLITORAL;1018086;F;1
ITACAR MOTOS CAMPOS LTDA;ESTRELA H;1017659;F;1
BY MOTO LTDA;BY MOTO;1018990;F;1
BANDEIRANTE MOTOS LTDA;BANDEIRANTE MOTOS ;1014927;F;1
MOTOWAY DE ITAPERUNA COM MOTOS LTDA  ;MOTOWAY ;1016482;F;1
OTOBAI VEICULOS E PECAS LTDA;OTOBAI;1015648;F;1
MOTO FEST LTDA ;MOTO FEST;1011960;F;1
MINAS MOTOS LTDA;MINAS MOTOS;1017438;F;1
LIDERANCA MOTOS LTDA;LIDERANCA;1018094;F;1
BRENO MOTOS LTDA ;MOTO PASSOS;1591816;F;1
MOTOLIDER COMERCIO REPRESENTACOES LTDA ;MOTOLIDER;1012517;F;1
INDEPENDENCIA COMERCIO DE MOTOS LTDA;INDEPENDENCIA MOTOS;1600539;F;1
BY MOTO SUL DE MINAS VEIC PEC LTDA;BY MOTO SUL;1618229;F;1
MOTO STAR T. C. LTDA;MOTOSTAR CORAÇÕES;1019341;F;1
ANTARES MOTOS, SERV E PECAS LTDA;ANTARES MOTOS;1639160;F;1
AZ MOTOS LTDA;AZ MOTOS;1019864;F;1
MOTO ZEMA LTDA;MOTOZEMA;1012649;F;1
CARDOSO MOTO LTDA;CARDOSO;1014439;F;1
MOTO SUL CARIOCA LTDA;MOTOCAR BOTAFOGO;1594088;F;1
RECREIO RIO MOTOS COM E REP LTDA ;RECREIO MOTOS;1626981;F;1
SAFEWAY MOTOS LTDA;SAFEWAY;1015176;F;1
NITJAP COMERCIO DE MOTOS LTDA;DICASA MOTOS;1019953;F;1
KALLAS VEICULOS LTDA;KALLAS ARAPONGAS;1012088;F;1
MOTOPARK COM  DE VEICULOS LTDA;MOTOPARK;1012843;F;1
FREE-WAY COMERCIO DE MOTOCICLETAS LTDA;FREE-WAY;1593337;F;1
MOTONDA COMERCIO DE VEICULOS S/A;MOTONDA;1014374;F;1
BLOKTON EMPREENDIMENTOS COM S/A;BLOKTON;1017071;F;1
SAMBAQUI MOTOS LTDA;SAMBAQUI;1591817;F;1
BLOKTON EMPREENDIMENTOS COM S/A ;BLOKTON;1037072;F;1
MOTTAI COMERCIO DE VEICULOS LTDA ;MOTTAI;1627427;F;1
 ECOSUL MOTOS LTDA ;ECOSUL MOTOS;1644118;F;1
MOTEC VEICULOS LTDA;MOTEC;1012452;F;1
LOBO MOTOS LTDA;LOBO MOTOS;1014277;F;1
TURBO MOTOCICLETAS E SERVICOS LTDA;TURBO ;1016490;F;1
MOTOLIFE VEICULOS E ACESSORIOS LTDA;MOTOLIFE;1015273;F;1
VALECAR VEICULOS E PECAS LTDA;VALECROSS CANOAS;1033794;F;1
VIA PORTO MOTOS LTDA;VIA PORTO SAO LEOPOL;1639158;F;1
COMOTO COMERCIAL DE MOTOS LTDA;COMOTO CAXIAS;1593462;F;1
COMOTO COMERCIAL  DE MOTOS LTDA;COMOTO;1010980;F;1
VALECAR VEICULOS E PECAS LTDA;VALECROSS;1013793;F;1
ORION MOTOS E MOTORES LTDA;ORION;1013084;F;1
BRAMOTO MOTOCICLETAS LTDA;BRAMOTO;1020412;F;1
ZANATTA COM  DE MOTOCICLETAS LTDA;MOTOZAN;1014021;F;1
 PROMENAC MOTOS LTDA;PROMENAC;1016016;F;1
VIA PORTO MOTOS LTDA;VP MOTOS;1627146;F;1
BREITKOPF MOTOS LTDA;BREITKOPF MOTOS;1018310;F;1
TONI CENTER INDUSTRIA E COMERCIO LTDA;TONI CENTER;1013734;F;1
DORVALINO MOTOS LTDA;DORVALINOMOTOS;1018230;F;1
GAMBATTO MOTOS LTDA;GAMBATTO CHAPECO;1017292;F;1
KG MOTOS LTDA;KG MOTOS;1019686;F;1
JAPAUTO COMERCIO DE MOTOCICLETAS LTDA;JAPAUTO ALPHAVILLE;1014706;F;1
MOTO FIELD COM MOT,PEC SERV MAN MOT LTDA;MOTO FIELD;1633570;F;1
COMSTAR VEICULOS LTDA;COMSTAR;1011006;F;1
HIURI COMERCIO DE MOTOS E SERVICOS LTDA;HIURI MOTOS;1619247;F;1
JAPAUTO COMERCIO DE MOTOCICLETAS LTDA;JAPAUTO STO AMARO;1593615;F;1
MOTO REMAZA DISTR VEICULOS E PECAS LTDA ;REMAZA;1054953;F;1
MOTO CENTER EVEREST LTDA;MOTO EVEREST ;1598308;F;1
JAPAUTO COMERCIO DE MOTOCICLETAS LTDA;JAPAUTO;1034707;F;1
M & M UNIVERSO COM MOTOC PECAS LTDA ;UNIVERSO MOTOS;1604672;F;1
MONTELEONE COM MOTOS PCS SERV LTDA ;MONTE LEONE SCS;1645085;F;1
TP MOTOS E PECAS LTDA;TP MOTOS;1012509;F;1
MOTO REMAZA DISTR VEICULOS E PECAS LTDA;REMAZA IBIRAPUERA;1016717;F;1
MOTO REMAZA DISTR VEICULOS E PECAS LTDA;REMAZA TATUAPÉ;1064959;F;1
TEAMTRENDS VEICULOS LTDA;TEAM TRENDS ;1621371;F;1
STR MOTOS LTDA;STR CAMPO LIMPO;1591998;F;1
STR MOTOS LTDA;STR MOTOS;1017179;F;1
BRAG MOTO COM DE VEICS E MAQUINAS LTDA;BRAGMOTO;1021893;F;1
SAGA VEICULOS LTDA;SAGA TRENDS;1603904;F;1
WINNER COMERCIO DE VEICULOS LTDA;WINNER CAMPINAS;1596420;F;1
MILAMOTO COMERCIO DE VEICULOS LTDA;MILAMOTO ITATIBA;1022415;F;1
 MOTOMIL DE CAMPINAS COM E IMP LTDA ;MOTO MIL  CAMPINAS;1015532;F;1
TSUJI MOTOS LTDA  ; TSUJI MOTOS  ;1630246;F;1
PRO-LINK VEICULOS LTDA;PROLINK;1013238;F;1
COMERCIO DE VEIC E MOTOC JUNDIAI LTDA;BM MOTOS;1019163;F;1
MILAMOTO VEICULOS LTDA;MILAMOTO JUNDIAÍ;1012410;F;1
WINNER COM E REPRES LTDA;WINNER;1024949;F;1
AVERSA MOTOS LTDA;AVERSA;1016695;F;1
HIDO MOTOS COMERCIAL LTDA;HIDOMOTOS;1014960;F;1
MUNDIAL DISTRIBUIDORA DE MOTOS LTDA;MUNDIAL MOTOS MMIRIM;1624880;F;1
RAFAEL ANANIAS & CIA LTDA;MOTOASA RIB.PRETO;1016393;F;1
SANTA EMILIA AUTOMOVEIS E MOTOS LTDA;SANTA EMILIA MOTOS;1029495;F;1
GUACU MOTOS LTDA ;GUACUMOTOS;1017497;F;1
NOVAMOTO VEICULOS LTDA;NOVAMOTO SAOCARLOS;1029517;F;1
PERES DIESEL VEICULOS S/A;PERES SJB VISTA;1630927;F;1
FARIA;FARIA MOTOS LTDA;1015451;F;1
CREMONE MOTONAUTICA LTDA.;CREMONE;1011081;F;1
D ROJAS ROJAS LTDA ;D ROJAS.;1637875;F;1
SPERTA MOTO COMERCIO DE VEICULOS LTDA;SPERTA ARAÇATUBA;1036033;F;1
GOLDEN GUARA COMERCIO DE MOTOS LTDA;GOLDEN GUARA;1613231;F;1
SANMELL MOTOS LTDA;SANMELL SANTOS;1016407;F;1
PLANETA MOTOS LTDA;PLANETA;1018574;F;1
SANMELL MOTOS LTDA;SANMELL PRAIA GRANDE;1606135;F;1
NOVAMOTO VEICULOS LTDA;NOVAMOTO BAURU;1594805;F;1
ITAPE MOTOS LTDA;MOTO GUIA ITAPE;1014641;F;1
MAGGI MOTOS LTDA;MAGGI;1017101;F;1
JAIC COMERCIO E IMPORTACAO DE MOTOS LTDA;FREIREMOTOS;1015427;F;1
HIPER MOTO OURINHOS LTDA;HIPERMOTO;1013670;F;1
CAMARGO MOTOS COMERCIAL LTDA;CAIUÁS;1624725;F;1
;;;;
;;;;
;;;;
;;;;
;;;;
;;;;
;;;;
;;;;
;;;;
